variable,minus9_allowed,explicit_meaning,blank_meaning,na_rule,current_implementation,conflict_ambiguity,proposed_implementation,pi_decision_required,pi_decision_ids,type,field_class,workbook_rows,workbook_minus9_rows,workbook_blank_rows,workbook_placeholder_rows,workbook_unknown_code_rows,codebook_ref
WFD_ID,no,"None defined (no -9, N/A or unknown code).","Not defined by the codebook. Tool: blank = not established from the supplied evidence, or not yet coded/reviewed (default).",Not defined.,Generated administrative metadata (not a model suggestion).,None found.,No change needed.,no,,text,admin,50,0,0,0,0,I. Wfd Id And Date › Variable: WFD_ID (line 8)
EVENT_DATE,no,"None defined (no -9, N/A or unknown code).","Not defined by the codebook. Tool: blank = not established from the supplied evidence, or not yet coded/reviewed (default).",Not defined.,"Blank when not established (default). -9 rejected for model suggestions as 'missing_code_not_defined' (also as a number or text, since D-039); a researcher's -9 is kept but flagged (PI-M3). 'N/A' / '-' / 'unknown' written by a model become blank. ",None found.,No change needed.,no,,date,sourced,50,0,0,0,0,I. Wfd Id And Date › Variable: EVENT_DATE (Primary) (line 23)
END_DATE,no,"No -9. 'Required if the failure extended over more than one day.' 'If the failure was momentary (e.g., one false alert transmission), END_DATE = EVENT_DATE.'",Not defined. The codebook does not say what to record when the end of a multi-day failure is not documented.,Not defined.,"Blank when not established (default). -9 rejected for model suggestions as 'missing_code_not_defined' (also as a number or text, since D-039); a researcher's -9 is kept but flagged (PI-M3). 'N/A' / '-' / 'unknown' written by a model become blank. ",All 50 workbook rows are filled; 29 have END_DATE = EVENT_DATE. Whether coders set END_DATE = EVENT_DATE when the end was simply not documented (rather than known to be momentary) cannot be told from the data.,"No automatic rule. END_DATE = EVENT_DATE needs a judgement that the failure was momentary, so it stays a model suggestion with cited evidence; blank when not established. Reversed dates are flagged (implemented).",yes,PI-M5,date,sourced,50,0,0,0,0,I. Wfd Id And Date › Variable: END_DATE (line 31)
DATE_APPROX,no,"None defined (no -9, N/A or unknown code).","Not defined by the codebook. Tool: blank = not established from the supplied evidence, or not yet coded/reviewed (default).",Not defined.,"Blank when not established (default). -9 rejected for model suggestions as 'missing_code_not_defined' (also as a number or text, since D-039); a researcher's -9 is kept but flagged (PI-M3). 'N/A' / '-' / 'unknown' written by a model become blank. ",None found.,No change needed.,no,,categorical,sourced,50,0,0,0,0,I. Wfd Id And Date › Variable: DATE_APPROX (line 40)
INCIDENT_DURATION,no,No -9. 'Total number of days between EVENT_DATE and END_DATE.' Calculation: (END_DATE – EVENT_DATE) + 1.,Not defined. Follows from the calculation: it cannot be computed without both dates.,Not defined.,Derived by the tool from other values/sources; blank (never -9) when it cannot be derived.,"3 workbook rows (20170212-CA01, 20250107-CA02, 20250109-CA01) equal END_DATE – EVENT_DATE without the '+ 1' of the codebook calculation.",Implemented: derived only from both dates; blank (never -9) when a date is missing; blank + flag when END_DATE is before EVENT_DATE; human-final value that differs from the calculation is flagged. Correcting the 3 historical rows is a PI/data-manager decision.,yes,PI-M6,numeric,derived,50,0,0,0,0,I. Wfd Id And Date › Variable: INCIDENT_DURATION (line 47)
VERSION_ENTRY_DATE,no,"None defined (no -9, N/A or unknown code).","Not defined by the codebook. Tool: blank = not established from the supplied evidence, or not yet coded/reviewed (default).",Not defined.,Generated administrative metadata (not a model suggestion).,None found.,No change needed.,no,,date,admin,50,0,0,0,0,I. Wfd Id And Date › Variable: VERSION_ENTRY_DATE (line 53)
SUMMARY,no,"None defined (no -9, N/A or unknown code).","Not defined by the codebook. Tool: blank = not established from the supplied evidence, or not yet coded/reviewed (default).",Not defined.,"Blank when not established (default). -9 rejected for model suggestions as 'missing_code_not_defined' (also as a number or text, since D-039); a researcher's -9 is kept but flagged (PI-M3). 'N/A' / '-' / 'unknown' written by a model become blank. ",None found.,No change needed.,no,,text,sourced,50,0,0,0,0,II. Instance Information › Variable: SUMMARY (line 61)
INCLUSION_CRITERIA_INDICATORS,no,"None defined (no -9, N/A or unknown code).","Not defined by the codebook. Tool: blank = not established from the supplied evidence, or not yet coded/reviewed (default).",Not defined.,"Blank when not established (default). -9 rejected for model suggestions as 'missing_code_not_defined' (also as a number or text, since D-039); a researcher's -9 is kept but flagged (PI-M3). 'N/A' / '-' / 'unknown' written by a model become blank. ",None found.,No change needed.,no,,categorical,sourced,50,0,0,0,0,II. Instance Information › Variable: INCLUSION_CRITERIA_INDICATORS (line 71)
UNCERTAINTY_FLAG,no,"None defined (no -9, N/A or unknown code).","Not defined by the codebook. Tool: blank = not established from the supplied evidence, or not yet coded/reviewed (default).",Not defined.,"Blank when not established (default). -9 rejected for model suggestions as 'missing_code_not_defined' (also as a number or text, since D-039); a researcher's -9 is kept but flagged (PI-M3). 'N/A' / '-' / 'unknown' written by a model become blank. ",None found.,No change needed.,no,,categorical,sourced,50,0,0,0,0,II. Instance Information › Variable: UNCERTAINTY_FLAG (line 81)
UNCERTAINTY_TYPE,no,"'When UNCERTAINTY_FLAG = 1, the case must also specify UNCERTAINTY_TYPE.' Codes include UF-D = Data Insufficient.",Implied (not stated) for UNCERTAINTY_FLAG = 0.,Implied: not applicable when UNCERTAINTY_FLAG = 0 (not stated explicitly).,"Blank when not established (default). -9 rejected for model suggestions as 'missing_code_not_defined' (also as a number or text, since D-039); a researcher's -9 is kept but flagged (PI-M3). 'N/A' / '-' / 'unknown' written by a model become blank. ","3 workbook rows have UNCERTAINTY_FLAG = 1 with UNCERTAINTY_TYPE blank (20210817-NC01, 20260123-MS01, 20160623-WV01) — contrary to the codebook.",Implemented: human-final UNCERTAINTY_FLAG = 1 with a blank UNCERTAINTY_TYPE is flagged for review. Blank for FLAG = 0 is the natural reading but not written: PI-M7.,yes,PI-M7,categorical,sourced,50,0,48,0,0,II. Instance Information › Variable: UNCERTAINTY_TYPE (line 90)
RELATED_EVENT_FLAG,no,"None defined (no -9, N/A or unknown code).","Not defined by the codebook. Tool: blank = not established from the supplied evidence, or not yet coded/reviewed (default).",Not defined.,"Blank when not established (default). -9 rejected for model suggestions as 'missing_code_not_defined' (also as a number or text, since D-039); a researcher's -9 is kept but flagged (PI-M3). 'N/A' / '-' / 'unknown' written by a model become blank. ",None found.,No change needed.,no,,categorical,sourced,50,0,0,0,0,II. Instance Information › Variable: RELATED_EVENT_FLAG (line 99)
RELATED_ID,no,"None defined (no -9, N/A or unknown code).",Implied by RELATED_EVENT_FLAG = 0 ('No known related event'); not stated.,Not defined.,"Blank when not established (default). -9 rejected for model suggestions as 'missing_code_not_defined' (also as a number or text, since D-039); a researcher's -9 is kept but flagged (PI-M3). 'N/A' / '-' / 'unknown' written by a model become blank. ",None found.,No change needed.,no,,text,sourced,50,0,49,0,0,II. Instance Information › Variable: RELATED_ID (line 106)
SERIES_ID,no,"None defined (no -9, N/A or unknown code).","Not defined by the codebook. Tool: blank = not established from the supplied evidence, or not yet coded/reviewed (default).",Not defined.,"Blank when not established (default). -9 rejected for model suggestions as 'missing_code_not_defined' (also as a number or text, since D-039); a researcher's -9 is kept but flagged (PI-M3). 'N/A' / '-' / 'unknown' written by a model become blank. ",None found.,No change needed.,no,,text,sourced,50,0,46,0,0,II. Instance Information › Variable: SERIES_ID (line 112)
COMMENT_ANALYST,no,"None defined (no -9, N/A or unknown code).","Not defined by the codebook. Tool: blank = not established from the supplied evidence, or not yet coded/reviewed (default).",Not defined.,"Analyst note: written by the researcher, not suggested by a model.",None found.,No change needed.,no,,text,analyst_note,50,0,12,0,0,II. Instance Information › Variable: COMMENT_ANALYST (line 118)
COUNTRY,no,"None defined (no -9, N/A or unknown code).","Not defined by the codebook. Tool: blank = not established from the supplied evidence, or not yet coded/reviewed (default).",Not defined.,"Blank when not established (default). -9 rejected for model suggestions as 'missing_code_not_defined' (also as a number or text, since D-039); a researcher's -9 is kept but flagged (PI-M3). 'N/A' / '-' / 'unknown' written by a model become blank. ",None found.,No change needed.,no,,open_list,sourced,50,0,0,0,0,III. Instance Location › Variable: COUNTRY (line 124)
STATE_OR_TERRITORY,no,"None defined (no -9, N/A or unknown code).","Not defined by the codebook. Tool: blank = not established from the supplied evidence, or not yet coded/reviewed (default).",Not defined.,"Blank when not established (default). -9 rejected for model suggestions as 'missing_code_not_defined' (also as a number or text, since D-039); a researcher's -9 is kept but flagged (PI-M3). 'N/A' / '-' / 'unknown' written by a model become blank. ",Workbook uses 'N/A'/'-'/'None' placeholders in 1 row(s); not defined by the codebook. One workbook row uses a placeholder; no codebook rule for national events (e.g. 'US').,'-' treated as blank (implemented); national-event rule: PI-M3.,yes,PI-M3,text,sourced,50,0,0,1,0,III. Instance Location › Variable: STATE_OR_TERRITORY (line 132)
COUNTY_OR_PARISH,no,"No -9. 'For multi-county events, list up to three primary counties ...; if more, record ""Multi-county"" and specify in LOCATION_DETAILS.'","Not defined by the codebook. Tool: blank = not established from the supplied evidence, or not yet coded/reviewed (default).",Not defined.,"Blank when not established (default). -9 rejected for model suggestions as 'missing_code_not_defined' (also as a number or text, since D-039); a researcher's -9 is kept but flagged (PI-M3). 'N/A' / '-' / 'unknown' written by a model become blank. ",Workbook uses 'N/A'/'-'/'None' placeholders in 4 row(s); not defined by the codebook. Workbook uses '-' in 4 rows (statewide/national events); no codebook rule for events with no county.,'-' treated as blank (implemented). Rule for statewide/national events: PI-M3.,yes,PI-M3,text,sourced,50,0,0,4,0,III. Instance Location › Variable: COUNTY_OR_PARISH (line 139)
CITY_OR_TOWN,no,"No -9. 'If the failure affected a broad rural area, list the nearest identifiable locality or leave blank and include descriptive information under VICINITY.'",Explicit: blank allowed for broad rural areas (with VICINITY filled).,Not defined.,"Blank when not established (default). -9 rejected for model suggestions as 'missing_code_not_defined' (also as a number or text, since D-039); a researcher's -9 is kept but flagged (PI-M3). 'N/A' / '-' / 'unknown' written by a model become blank. ",Workbook uses 'N/A'/'-'/'None' placeholders in 6 row(s); not defined by the codebook. Workbook uses '-' in 6 rows and 'Statewide' in 2.,Implemented: '-' treated as blank. Whether 'Statewide' is an acceptable entry: PI-M3.,yes,PI-M3,text,sourced,50,0,1,6,0,III. Instance Location › Variable: CITY_OR_TOWN (line 146)
VICINITY,no,"None defined (no -9, N/A or unknown code).","Not defined by the codebook. Tool: blank = not established from the supplied evidence, or not yet coded/reviewed (default).",Not defined.,"Blank when not established (default). -9 rejected for model suggestions as 'missing_code_not_defined' (also as a number or text, since D-039); a researcher's -9 is kept but flagged (PI-M3). 'N/A' / '-' / 'unknown' written by a model become blank. ",None found.,No change needed.,no,,text,sourced,50,0,1,0,0,III. Instance Location › Variable: VICINITY (line 152)
LAT/LONG,no,"No -9. 'When unavailable, leave blank and flag GEOCODE_SPECIFICITY = 0.'",Explicit: blank = coordinates unavailable.,Not defined.,"Blank when not established (default). -9 rejected for model suggestions as 'missing_code_not_defined' (also as a number or text, since D-039); a researcher's -9 is kept but flagged (PI-M3). 'N/A' / '-' / 'unknown' written by a model become blank. ",Workbook uses 'N/A'/'-'/'None' placeholders in 4 row(s); not defined by the codebook. Workbook uses '-' in 4 rows and blank in 2.,Implemented: a '-' placeholder is treated as blank; cross-check with GEOCODE_SPECIFICITY on human-final values.,yes,PI-M3,text,sourced,50,0,2,4,0,III. Instance Location › Variable: LATITUDE / LONGITUDE (line 156)
GEOCODE_SPECIFICITY,no,"'0 = Unknown' is a codebook code (no -9). LATITUDE / LONGITUDE: 'When unavailable, leave blank and flag GEOCODE_SPECIFICITY = 0.'","Not defined by the codebook. Tool: blank = not established from the supplied evidence, or not yet coded/reviewed (default).",Not defined.,"Blank when not established (default). -9 rejected for model suggestions as 'missing_code_not_defined' (also as a number or text, since D-039); a researcher's -9 is kept but flagged (PI-M3). 'N/A' / '-' / 'unknown' written by a model become blank. Absence codes (0) need a cited supporting passage like any other code, so silence in the passages yields blank.","Workbook uses -9 in 1 row(s) but the codebook defines no -9 for this variable. Workbook: one row -9 (20210817-NC01, which has coordinates); 6 rows with blank or '-' coordinates are coded 3, 1, 1, 1, 0, 3 — only one follows the codebook's '= 0' rule.",Implemented: -9 rejected; human-final blank LAT/LONG with GEOCODE_SPECIFICITY ≠ 0 is flagged for review (not changed). Recoding historical rows: PI-M3.,yes,PI-M3,categorical,sourced,50,1,0,0,1,III. Instance Location › Variable: GEOCODE_SPECIFICITY (line 164)
LOCATION_DETAILS,no,"None defined (no -9, N/A or unknown code).","Not defined by the codebook. Tool: blank = not established from the supplied evidence, or not yet coded/reviewed (default).",Not defined.,"Blank when not established (default). -9 rejected for model suggestions as 'missing_code_not_defined' (also as a number or text, since D-039); a researcher's -9 is kept but flagged (PI-M3). 'N/A' / '-' / 'unknown' written by a model become blank. ",None found.,No change needed.,no,,text,sourced,50,0,0,0,0,III. Instance Location › Variable: LOCATION_DETAILS (line 173)
FAILURE_TYPE,no,"None defined (no -9, N/A or unknown code).","Not defined by the codebook. Tool: blank = not established from the supplied evidence, or not yet coded/reviewed (default).",Not defined.,"Blank when not established (default). -9 rejected for model suggestions as 'missing_code_not_defined' (also as a number or text, since D-039); a researcher's -9 is kept but flagged (PI-M3). 'N/A' / '-' / 'unknown' written by a model become blank. ",Workbook uses -9 in 1 row(s) but the codebook defines no -9 for this variable.,"Implemented: -9 rejected for new suggestions. Historical workbook -9 entries are flagged, not adopted (PI-M3).",yes,PI-M3,categorical,sourced,50,1,0,0,0,IV. Failure Information › Variable: FAILURE_TYPE (line 179)
FAILURE_SUBTYPE,no,"None defined (no -9, N/A or unknown code).","Not defined by the codebook. Tool: blank = not established from the supplied evidence, or not yet coded/reviewed (default).",Not defined.,"Blank when not established (default). -9 rejected for model suggestions as 'missing_code_not_defined' (also as a number or text, since D-039); a researcher's -9 is kept but flagged (PI-M3). 'N/A' / '-' / 'unknown' written by a model become blank. ",Workbook uses -9 in 1 row(s) but the codebook defines no -9 for this variable.,"Implemented: -9 rejected for new suggestions. Historical workbook -9 entries are flagged, not adopted (PI-M3).",yes,PI-M3,open_list,sourced,50,1,2,0,0,IV. Failure Information › Variable: FAILURE_SUBTYPE (line 191)
TRIGGER_OR_HAZARD_CONTEXT,no,"None defined (no -9, N/A or unknown code).","Not defined by the codebook. Tool: blank = not established from the supplied evidence, or not yet coded/reviewed (default).",Not defined.,"Blank when not established (default). -9 rejected for model suggestions as 'missing_code_not_defined' (also as a number or text, since D-039); a researcher's -9 is kept but flagged (PI-M3). 'N/A' / '-' / 'unknown' written by a model become blank. ",None found.,No change needed.,no,,open_list,sourced,50,0,0,0,0,IV. Failure Information › Variable: TRIGGER_OR_HAZARD_CONTEXT (line 206)
SYSTEM_INVOLVED,no,"None defined (no -9, N/A or unknown code).","Not defined by the codebook. Tool: blank = not established from the supplied evidence, or not yet coded/reviewed (default).",Not defined.,"Blank when not established (default). -9 rejected for model suggestions as 'missing_code_not_defined' (also as a number or text, since D-039); a researcher's -9 is kept but flagged (PI-M3). 'N/A' / '-' / 'unknown' written by a model become blank. ",None found.,No change needed.,no,,categorical,sourced,50,0,0,0,0,IV. Failure Information › Variable: SYSTEM_INVOLVED (line 215)
SYSTEM_LEVEL,no,"None defined (no -9, N/A or unknown code).","Not defined by the codebook. Tool: blank = not established from the supplied evidence, or not yet coded/reviewed (default).",Not defined.,"Blank when not established (default). -9 rejected for model suggestions as 'missing_code_not_defined' (also as a number or text, since D-039); a researcher's -9 is kept but flagged (PI-M3). 'N/A' / '-' / 'unknown' written by a model become blank. ",None found.,No change needed.,no,,categorical,sourced,50,0,0,0,0,IV. Failure Information › Variable: SYSTEM_LEVEL (line 226)
SUCCESS_NONUSE_PARTIALUSE,no,"None defined (no -9, N/A or unknown code).","Not defined by the codebook. Tool: blank = not established from the supplied evidence, or not yet coded/reviewed (default).",Not defined.,"Blank when not established (default). -9 rejected for model suggestions as 'missing_code_not_defined' (also as a number or text, since D-039); a researcher's -9 is kept but flagged (PI-M3). 'N/A' / '-' / 'unknown' written by a model become blank. ",Workbook uses -9 in 1 row(s) but the codebook defines no -9 for this variable.,"Implemented: -9 rejected for new suggestions. Historical workbook -9 entries are flagged, not adopted (PI-M3).",yes,PI-M3,categorical,sourced,50,1,0,0,0,IV. Failure Information › Variable: SUCCESS_NONUSE_PARTIALUSE (line 236)
REDUNDANCY_AND_CHANNEL_BEHAVIOR,no,'3 = Not applicable (single system jurisdiction)'. No -9.,"Not defined by the codebook. Tool: blank = not established from the supplied evidence, or not yet coded/reviewed (default).",Explicit: code 3.,"Blank when not established (default). -9 rejected for model suggestions as 'missing_code_not_defined' (also as a number or text, since D-039); a researcher's -9 is kept but flagged (PI-M3). 'N/A' / '-' / 'unknown' written by a model become blank. Absence codes (3) need a cited supporting passage like any other code, so silence in the passages yields blank.",Workbook uses -9 in 1 row(s) but the codebook defines no -9 for this variable.,-9 rejected (implemented); code 3 suggested only with evidence that the jurisdiction has a single system.,yes,PI-M3,categorical,sourced,50,1,0,0,5,IV. Failure Information › Variable: REDUNDANCY_AND_CHANNEL_BEHAVIOR (line 245)
FAILURE_VERIFICATION_SOURCE,no,"None defined (no -9, N/A or unknown code).","Not defined by the codebook. Tool: blank = not established from the supplied evidence, or not yet coded/reviewed (default).",Not defined.,"Blank when not established (default). -9 rejected for model suggestions as 'missing_code_not_defined' (also as a number or text, since D-039); a researcher's -9 is kept but flagged (PI-M3). 'N/A' / '-' / 'unknown' written by a model become blank. ",None found.,No change needed.,no,,categorical,sourced,50,0,0,0,0,IV. Failure Information › Variable: FAILURE_VERIFICATION_SOURCE (line 254)
TECHNICAL_NOTES,no,"None defined (no -9, N/A or unknown code).","Not defined by the codebook. Tool: blank = not established from the supplied evidence, or not yet coded/reviewed (default).",Not defined.,"Blank when not established (default). -9 rejected for model suggestions as 'missing_code_not_defined' (also as a number or text, since D-039); a researcher's -9 is kept but flagged (PI-M3). 'N/A' / '-' / 'unknown' written by a model become blank. ",None found.,No change needed.,no,,text,sourced,50,0,0,0,0,IV. Failure Information › Variable: TECHNICAL_NOTES (line 264)
ALERT_ORIGINATOR_PLATFORM,no,"None defined (no -9, N/A or unknown code).","Not defined by the codebook. Tool: blank = not established from the supplied evidence, or not yet coded/reviewed (default).",Not defined.,"Blank when not established (default). -9 rejected for model suggestions as 'missing_code_not_defined' (also as a number or text, since D-039); a researcher's -9 is kept but flagged (PI-M3). 'N/A' / '-' / 'unknown' written by a model become blank. ",Workbook uses -9 in 2 row(s) but the codebook defines no -9 for this variable.,"Implemented: -9 rejected for new suggestions. Historical workbook -9 entries are flagged, not adopted (PI-M3).",yes,PI-M3,open_list,sourced,50,2,0,0,0,V. Communication / Channel Information › Variable: ALERT_ORIGINATOR_PLATFORM (line 270)
TRANSMISSION_PATHWAY,no,"None defined (no -9, N/A or unknown code).","Not defined by the codebook. Tool: blank = not established from the supplied evidence, or not yet coded/reviewed (default).",Not defined.,"Blank when not established (default). -9 rejected for model suggestions as 'missing_code_not_defined' (also as a number or text, since D-039); a researcher's -9 is kept but flagged (PI-M3). 'N/A' / '-' / 'unknown' written by a model become blank. ",Workbook uses -9 in 2 row(s) but the codebook defines no -9 for this variable.,"Implemented: -9 rejected for new suggestions. Historical workbook -9 entries are flagged, not adopted (PI-M3).",yes,PI-M3,open_list,sourced,50,2,0,0,0,V. Communication / Channel Information › Variable: TRANSMISSION_PATHWAY (line 281)
TRANSMISSION_LATENCY,yes,'Use -9 if unknown or inapplicable' — one code for two different situations.,"Not defined by the codebook. Tool: blank = not established from the supplied evidence, or not yet coded/reviewed (default).",-9 also covers 'inapplicable' (codebook wording). The codebook does not say when latency is inapplicable (e.g. nonuse cases where no alert was authorized).,"Blank when not established (default). -9 accepted only as defined here, with a cited passage, a 'confirm' warning, and never mixed with other values. 'N/A' / '-' / 'unknown' written by a model become blank. ","42 of 50 workbook rows are -9; several rows hold text instead of minutes ('~ 2 Minutes', '< 1 Minute', 'Near real-time automated alert', '2 minutes 47 seconds cancellation; ...'). -9 cannot be read as 'unknown' vs 'not applicable' afterwards.",Keep -9 as defined. The tool accepts -9 only with a cited passage indicating the information is unknown or inapplicable; when nothing is found it leaves the value blank (PI-M1). Prompt now quotes 'unknown or inapplicable' (was a generic 'unknown') for schemas loaded after this change.,yes,"PI-M1, PI-M2",numeric,sourced,50,42,0,0,0,V. Communication / Channel Information › Variable: TRANSMISSION_LATENCY (line 295)
DELIVERY_COVERAGE,yes,'-9 = Unknown'. Values given as percentage bands (0–25 / 26–75 / 76–100) plus 'If exact figure is provided ... add the specific number.',"Not defined by the codebook. Tool: blank = not established from the supplied evidence, or not yet coded/reviewed (default).",Not defined (e.g. nonuse cases where no alert was sent).,"Blank when not established (default). -9 accepted only as defined here, with a cited passage, a 'confirm' warning, and never mixed with other values. 'N/A' / '-' / 'unknown' written by a model become blank. ","35 of 50 workbook rows are -9; others mix band labels ('76-100', '0 - 25'), exact numbers (19, 13.5) and text ('Low / 0–25% for BUFFALERT; WEA = 0'). Band-vs-number already open (K schema list).",Keep -9 = Unknown as defined; blank when not established (PI-M1). Not-applicable handling and the band/number question need a PI decision.,yes,"PI-M1, PI-M2, PI-M9",numeric,sourced,50,35,0,0,0,V. Communication / Channel Information › Variable: DELIVERY_COVERAGE (line 302)
MESSAGE_CHARACTERISTICS_LENGTH (Char. No Space),no,No -9 or N/A defined for MESSAGE_CHARACTERISTICS subfields.,"Not defined by the codebook. Tool: blank = not established from the supplied evidence, or not yet coded/reviewed (default).",Not defined.,"Blank when not established (default). -9 rejected for model suggestions as 'missing_code_not_defined' (also as a number or text, since D-039); a researcher's -9 is kept but flagged (PI-M3). 'N/A' / '-' / 'unknown' written by a model become blank. ","Workbook uses -9 in 35 row(s) but the codebook defines no -9 for this variable. Workbook uses 'N/A'/'-'/'None' placeholders in 1 row(s); not defined by the codebook. Workbook uses -9 (and 'N/A' / 'None' in some rows) for these subfields, mostly where the message text was not available or no alert was sent (LENGTH: -9 ×35). Nonuse cases have no message to describe.",Implemented: -9 rejected (it was previously accepted as the number -9 for LENGTH and as text for the open lists). Whether nonuse cases should be blank or a defined N/A value: PI-M8; recoding history: PI-M3.,yes,"PI-M3, PI-M8",numeric,sourced,50,35,1,1,0,V. Communication / Channel Information › Variable: MESSAGE_CHARACTERISTICS (line 311) › Subfield LENGTH
MESSAGE_CHARACTERISTICS_LANGUAGE,no,No -9 or N/A defined for MESSAGE_CHARACTERISTICS subfields.,"Not defined by the codebook. Tool: blank = not established from the supplied evidence, or not yet coded/reviewed (default).",Not defined.,"Blank when not established (default). -9 rejected for model suggestions as 'missing_code_not_defined' (also as a number or text, since D-039); a researcher's -9 is kept but flagged (PI-M3). 'N/A' / '-' / 'unknown' written by a model become blank. ","Workbook uses -9 in 4 row(s) but the codebook defines no -9 for this variable. Workbook uses 'N/A'/'-'/'None' placeholders in 6 row(s); not defined by the codebook. Workbook uses -9 (and 'N/A' / 'None' in some rows) for these subfields, mostly where the message text was not available or no alert was sent (LENGTH: -9 ×35). Nonuse cases have no message to describe.",Implemented: -9 rejected (it was previously accepted as the number -9 for LENGTH and as text for the open lists). Whether nonuse cases should be blank or a defined N/A value: PI-M8; recoding history: PI-M3.,yes,"PI-M3, PI-M8",open_list,sourced,50,4,0,6,0,V. Communication / Channel Information › Variable: MESSAGE_CHARACTERISTICS (line 311) › Subfield LANGUAGE
MESSAGE_CHARACTERISTICS_PROTECTIVE_ACTION_PRESENT,no,No -9 or N/A defined for MESSAGE_CHARACTERISTICS subfields.,"Not defined by the codebook. Tool: blank = not established from the supplied evidence, or not yet coded/reviewed (default).",Not defined.,"Blank when not established (default). -9 rejected for model suggestions as 'missing_code_not_defined' (also as a number or text, since D-039); a researcher's -9 is kept but flagged (PI-M3). 'N/A' / '-' / 'unknown' written by a model become blank. ","Workbook uses -9 in 5 row(s) but the codebook defines no -9 for this variable. Workbook uses 'N/A'/'-'/'None' placeholders in 1 row(s); not defined by the codebook. Workbook uses -9 (and 'N/A' / 'None' in some rows) for these subfields, mostly where the message text was not available or no alert was sent (LENGTH: -9 ×35). Nonuse cases have no message to describe.",Implemented: -9 rejected (it was previously accepted as the number -9 for LENGTH and as text for the open lists). Whether nonuse cases should be blank or a defined N/A value: PI-M8; recoding history: PI-M3.,yes,"PI-M3, PI-M8",categorical,sourced,50,5,1,1,0,V. Communication / Channel Information › Variable: MESSAGE_CHARACTERISTICS (line 311) › Subfield PROTECTIVE_ACTION_PRESENT
MESSAGE_CHARACTERISTICS_EMOTIONAL_TONE,no,No -9 or N/A defined for MESSAGE_CHARACTERISTICS subfields.,"Not defined by the codebook. Tool: blank = not established from the supplied evidence, or not yet coded/reviewed (default).",Not defined.,"Blank when not established (default). -9 rejected for model suggestions as 'missing_code_not_defined' (also as a number or text, since D-039); a researcher's -9 is kept but flagged (PI-M3). 'N/A' / '-' / 'unknown' written by a model become blank. ","Workbook uses -9 in 5 row(s) but the codebook defines no -9 for this variable. Workbook uses 'N/A'/'-'/'None' placeholders in 3 row(s); not defined by the codebook. Workbook uses -9 (and 'N/A' / 'None' in some rows) for these subfields, mostly where the message text was not available or no alert was sent (LENGTH: -9 ×35). Nonuse cases have no message to describe.",Implemented: -9 rejected (it was previously accepted as the number -9 for LENGTH and as text for the open lists). Whether nonuse cases should be blank or a defined N/A value: PI-M8; recoding history: PI-M3.,yes,"PI-M3, PI-M8",open_list,sourced,50,5,1,3,0,V. Communication / Channel Information › Variable: MESSAGE_CHARACTERISTICS (line 311) › Subfield EMOTIONAL_TONE
MESSAGE_CHARACTERISTICS_CLARITY_ASSESSED,no,No -9 or N/A defined for MESSAGE_CHARACTERISTICS subfields.,"Not defined by the codebook. Tool: blank = not established from the supplied evidence, or not yet coded/reviewed (default).",Not defined.,"Blank when not established (default). -9 rejected for model suggestions as 'missing_code_not_defined' (also as a number or text, since D-039); a researcher's -9 is kept but flagged (PI-M3). 'N/A' / '-' / 'unknown' written by a model become blank. ","Workbook uses -9 in 6 row(s) but the codebook defines no -9 for this variable. Workbook uses 'N/A'/'-'/'None' placeholders in 1 row(s); not defined by the codebook. Workbook uses -9 (and 'N/A' / 'None' in some rows) for these subfields, mostly where the message text was not available or no alert was sent (LENGTH: -9 ×35). Nonuse cases have no message to describe.",Implemented: -9 rejected (it was previously accepted as the number -9 for LENGTH and as text for the open lists). Whether nonuse cases should be blank or a defined N/A value: PI-M8; recoding history: PI-M3.,yes,"PI-M3, PI-M8",categorical,sourced,50,6,0,1,0,V. Communication / Channel Information › Variable: MESSAGE_CHARACTERISTICS (line 311) › Subfield CLARITY_ASSESSED
ALERT_CORRECTION_OR_UPDATE,no,'4 = Not applicable (alert never issued)'. No -9.,"Not defined by the codebook. Tool: blank = not established from the supplied evidence, or not yet coded/reviewed (default).",Explicit: code 4 when no alert was issued.,"Blank when not established (default). -9 rejected for model suggestions as 'missing_code_not_defined' (also as a number or text, since D-039); a researcher's -9 is kept but flagged (PI-M3). 'N/A' / '-' / 'unknown' written by a model become blank. Absence codes (4) need a cited supporting passage like any other code, so silence in the passages yields blank.",Workbook uses -9 in 3 row(s) but the codebook defines no -9 for this variable. Workbook: -9 ×3; code 4 also appears with SUCCESS_NONUSE_PARTIALUSE = 2 (an alert WAS issued) ×2; one nonuse row uses 0. Whether 4 applies when one system was not used but another alert was issued is not defined.,-9 rejected (implemented). Cross-check with SUCCESS_NONUSE_PARTIALUSE is NOT implemented (ambiguous for partial/multi-system cases): PI-M8.,yes,"PI-M3, PI-M8",categorical,sourced,50,3,0,0,7,V. Communication / Channel Information › Variable: ALERT_CORRECTION_OR_UPDATE (line 323)
MESSAGE_RECEPTION_DOCUMENTATION,no,'5 = No documentation available' (codes start at 2; code 1 undefined — existing schema issue).,"Not defined by the codebook. Tool: blank = not established from the supplied evidence, or not yet coded/reviewed (default).",Not defined.,"Blank when not established (default). -9 rejected for model suggestions as 'missing_code_not_defined' (also as a number or text, since D-039); a researcher's -9 is kept but flagged (PI-M3). 'N/A' / '-' / 'unknown' written by a model become blank. Absence codes (5) need a cited supporting passage like any other code, so silence in the passages yields blank.",None found.,Not changed: PI-M4.,yes,PI-M4,categorical,sourced,50,0,0,0,0,V. Communication / Channel Information › Variable: MESSAGE_RECEPTION_DOCUMENTATION (line 333)
MESSAGE_ARCHIVAL_STATUS,no,'0 = Not available'.,"Not defined by the codebook. Tool: blank = not established from the supplied evidence, or not yet coded/reviewed (default).",Not defined.,"Blank when not established (default). -9 rejected for model suggestions as 'missing_code_not_defined' (also as a number or text, since D-039); a researcher's -9 is kept but flagged (PI-M3). 'N/A' / '-' / 'unknown' written by a model become blank. Absence codes (0) need a cited supporting passage like any other code, so silence in the passages yields blank.",None found.,Not changed: PI-M4.,yes,PI-M4,categorical,sourced,50,0,0,0,19,V. Communication / Channel Information › Variable: MESSAGE_ARCHIVAL_STATUS (line 342)
ALERTING_AUTHORITY_TYPE,no,"None defined (no -9, N/A or unknown code).","Not defined by the codebook. Tool: blank = not established from the supplied evidence, or not yet coded/reviewed (default).",Not defined.,"Blank when not established (default). -9 rejected for model suggestions as 'missing_code_not_defined' (also as a number or text, since D-039); a researcher's -9 is kept but flagged (PI-M3). 'N/A' / '-' / 'unknown' written by a model become blank. ",None found.,No change needed.,no,,categorical,sourced,50,0,0,0,0,VI. Authority / Originator Information › Variable: ALERTING_AUTHORITY_TYPE (line 352)
ALERTING_AUTHORITY_NAME,no,"None defined (no -9, N/A or unknown code).","Not defined by the codebook. Tool: blank = not established from the supplied evidence, or not yet coded/reviewed (default).",Not defined.,"Blank when not established (default). -9 rejected for model suggestions as 'missing_code_not_defined' (also as a number or text, since D-039); a researcher's -9 is kept but flagged (PI-M3). 'N/A' / '-' / 'unknown' written by a model become blank. ",None found.,No change needed.,no,,text,sourced,50,0,0,0,0,VI. Authority / Originator Information › Variable: ALERTING_AUTHORITY_NAME (line 364)
INTERAGENCY_COORDINATION,no,'0 = Not applicable (single agency)'. No -9.,"Not defined by the codebook. Tool: blank = not established from the supplied evidence, or not yet coded/reviewed (default).",Explicit: code 0.,"Blank when not established (default). -9 rejected for model suggestions as 'missing_code_not_defined' (also as a number or text, since D-039); a researcher's -9 is kept but flagged (PI-M3). 'N/A' / '-' / 'unknown' written by a model become blank. Absence codes (0) need a cited supporting passage like any other code, so silence in the passages yields blank.","0 means 'single agency', not 'unknown'; the workbook's 15 zeros cannot be checked for that meaning.",No change: 0 needs evidence that a single agency was involved; blank when coordination is undocumented (PI-M4).,yes,PI-M4,categorical,sourced,50,0,0,0,15,VI. Authority / Originator Information › Variable: INTERAGENCY_COORDINATION (line 370)
ALERT_INITIATION_AUTHORITY,no,"None defined (no -9, N/A or unknown code).","Not defined by the codebook. Tool: blank = not established from the supplied evidence, or not yet coded/reviewed (default).",Not defined.,"Blank when not established (default). -9 rejected for model suggestions as 'missing_code_not_defined' (also as a number or text, since D-039); a researcher's -9 is kept but flagged (PI-M3). 'N/A' / '-' / 'unknown' written by a model become blank. ",Workbook uses -9 in 7 row(s) but the codebook defines no -9 for this variable.,"Implemented: -9 rejected for new suggestions. Historical workbook -9 entries are flagged, not adopted (PI-M3).",yes,PI-M3,categorical,sourced,50,7,2,0,0,VI. Authority / Originator Information › Variable: ALERT_INITIATION_AUTHORITY (line 379)
TRAINING_AND_PROCEDURAL_CONTEXT,no,'0 = Not discussed in available sources'.,"Not defined by the codebook. Tool: blank = not established from the supplied evidence, or not yet coded/reviewed (default).",Not defined.,"Blank when not established (default). -9 rejected for model suggestions as 'missing_code_not_defined' (also as a number or text, since D-039); a researcher's -9 is kept but flagged (PI-M3). 'N/A' / '-' / 'unknown' written by a model become blank. Absence codes (0) need a cited supporting passage like any other code, so silence in the passages yields blank.","Code 0 records absence of discussion. The assistant only sees retrieved passages, not all available sources, and cannot cite a passage for absence, so it currently leaves the value blank. Workbook 0 ×23.",Not changed: PI-M4.,yes,PI-M4,categorical,sourced,50,0,0,0,23,VI. Authority / Originator Information › Variable: TRAINING_AND_PROCEDURAL_CONTEXT (line 388)
ALERT_APPROVAL_PROCESS,no,"None defined (no -9, N/A or unknown code).","Not defined by the codebook. Tool: blank = not established from the supplied evidence, or not yet coded/reviewed (default).",Not defined.,"Blank when not established (default). -9 rejected for model suggestions as 'missing_code_not_defined' (also as a number or text, since D-039); a researcher's -9 is kept but flagged (PI-M3). 'N/A' / '-' / 'unknown' written by a model become blank. ",Workbook uses -9 in 9 row(s) but the codebook defines no -9 for this variable. Workbook uses 'N/A'/'-'/'None' placeholders in 1 row(s); not defined by the codebook.,"Implemented: -9 rejected for new suggestions. Historical workbook -9 entries are flagged, not adopted (PI-M3).",yes,PI-M3,categorical,sourced,50,9,2,1,0,VI. Authority / Originator Information › Variable: ALERT_APPROVAL_PROCESS (line 397)
AUTHORITY_COMMUNICATION_NOTES,no,"None defined (no -9, N/A or unknown code).","Not defined by the codebook. Tool: blank = not established from the supplied evidence, or not yet coded/reviewed (default).",Not defined.,"Blank when not established (default). -9 rejected for model suggestions as 'missing_code_not_defined' (also as a number or text, since D-039); a researcher's -9 is kept but flagged (PI-M3). 'N/A' / '-' / 'unknown' written by a model become blank. ",None found.,No change needed.,no,,text,sourced,50,0,0,0,0,VI. Authority / Originator Information › Variable: AUTHORITY_COMMUNICATION_NOTES (line 406)
REGULATORY_OR_POLICY_FRAMEWORK,no,"None defined (no -9, N/A or unknown code).","Not defined by the codebook. Tool: blank = not established from the supplied evidence, or not yet coded/reviewed (default).",Not defined.,"Blank when not established (default). -9 rejected for model suggestions as 'missing_code_not_defined' (also as a number or text, since D-039); a researcher's -9 is kept but flagged (PI-M3). 'N/A' / '-' / 'unknown' written by a model become blank. ",Workbook uses -9 in 3 row(s) but the codebook defines no -9 for this variable.,"Implemented: -9 rejected for new suggestions. Historical workbook -9 entries are flagged, not adopted (PI-M3).",yes,PI-M3,text,sourced,50,3,0,0,0,VI. Authority / Originator Information › Variable: REGULATORY_OR_POLICY_FRAMEWORK (line 410)
POPULATION_SCOPE,no,"None defined (no -9, N/A or unknown code).","Not defined by the codebook. Tool: blank = not established from the supplied evidence, or not yet coded/reviewed (default).",Not defined.,"Blank when not established (default). -9 rejected for model suggestions as 'missing_code_not_defined' (also as a number or text, since D-039); a researcher's -9 is kept but flagged (PI-M3). 'N/A' / '-' / 'unknown' written by a model become blank. ",Workbook uses -9 in 1 row(s) but the codebook defines no -9 for this variable.,"Implemented: -9 rejected for new suggestions. Historical workbook -9 entries are flagged, not adopted (PI-M3).",yes,PI-M3,categorical,sourced,50,1,0,0,0,VII. Populations Affected › Variable: POPULATION_SCOPE (line 420)
POPULATION_AFFECTED_ESTIMATE,yes,"'Numeric (integer) or range if uncertain (e.g., 500–700).' 'Use -9 if unknown.'","Not defined by the codebook. Tool: blank = not established from the supplied evidence, or not yet coded/reviewed (default).",Not defined.,"Blank when not established (default). -9 accepted only as defined here, with a cited passage, a 'confirm' warning, and never mixed with other values. 'N/A' / '-' / 'unknown' written by a model become blank. ","29 of 50 workbook rows are -9; others include approximations ('~ 100,000') and annotated text. One coder note reads '... use -9 if requiring directly exposed count' and another '... / -9' — the team itself is unsure whether a broad population figure or -9 applies when the directly impacted count is unknown.",Keep -9 = unknown as defined; blank when not established (PI-M1). Whether a jurisdiction population may stand in for 'individuals directly impacted' is a PI decision.,yes,"PI-M1, PI-M10",numeric,sourced,50,29,0,0,0,VII. Populations Affected › Variable: POPULATION_AFFECTED_ESTIMATE (line 430)
DEMOGRAPHIC_CHARACTERISTICS,no,"None defined (no -9, N/A or unknown code).","Not defined by the codebook. Tool: blank = not established from the supplied evidence, or not yet coded/reviewed (default).",Not defined.,"Blank when not established (default). -9 rejected for model suggestions as 'missing_code_not_defined' (also as a number or text, since D-039); a researcher's -9 is kept but flagged (PI-M3). 'N/A' / '-' / 'unknown' written by a model become blank. ",None found.,No change needed.,no,,categorical,sourced,50,0,0,0,0,VII. Populations Affected › Variable: DEMOGRAPHIC_CHARACTERISTICS (line 439)
ACCESSIBILITY_ATTRIBUTES,no,Two absence codes: '0 = Not mentioned' and '3 = Unknown / no data'. No -9.,"Not defined by the codebook. Tool: blank = not established from the supplied evidence, or not yet coded/reviewed (default).",Not defined.,"Blank when not established (default). -9 rejected for model suggestions as 'missing_code_not_defined' (also as a number or text, since D-039); a researcher's -9 is kept but flagged (PI-M3). 'N/A' / '-' / 'unknown' written by a model become blank. Absence codes (0, 3) need a cited supporting passage like any other code, so silence in the passages yields blank.","Workbook uses -9 in 1 row(s) but the codebook defines no -9 for this variable. The difference between 'not mentioned' and 'unknown / no data' is not defined. Workbook: 0 ×24, 3 ×7, -9 ×1.",No automatic choice. -9 rejected (implemented). Distinguishing 0 vs 3: PI-M4.,yes,"PI-M3, PI-M4",categorical,sourced,50,1,0,0,31,VII. Populations Affected › Variable: ACCESSIBILITY_ATTRIBUTES (line 451)
EQUITY_IMPACT,no,'0 = No documented disproportionate impact'.,"Not defined by the codebook. Tool: blank = not established from the supplied evidence, or not yet coded/reviewed (default).",Not defined.,"Blank when not established (default). -9 rejected for model suggestions as 'missing_code_not_defined' (also as a number or text, since D-039); a researcher's -9 is kept but flagged (PI-M3). 'N/A' / '-' / 'unknown' written by a model become blank. Absence codes (0) need a cited supporting passage like any other code, so silence in the passages yields blank.",None found.,Not changed: PI-M4.,yes,PI-M4,categorical,judgment,50,0,0,0,24,VII. Populations Affected › Variable: EQUITY_IMPACT (line 460)
COMMUNICATION_ACCESS_MODE,no,'6 = None / limited access documented'.,"Not defined by the codebook. Tool: blank = not established from the supplied evidence, or not yet coded/reviewed (default).",Not defined.,"Blank when not established (default). -9 rejected for model suggestions as 'missing_code_not_defined' (also as a number or text, since D-039); a researcher's -9 is kept but flagged (PI-M3). 'N/A' / '-' / 'unknown' written by a model become blank. ",None found.,Not changed: PI-M4.,yes,PI-M4,categorical,sourced,50,0,0,0,0,VII. Populations Affected › Variable: COMMUNICATION_ACCESS_MODE (line 471)
POPULATION_RESPONSE_OBSERVED,no,'6 = No observable response'.,"Not defined by the codebook. Tool: blank = not established from the supplied evidence, or not yet coded/reviewed (default).",Not defined.,"Blank when not established (default). -9 rejected for model suggestions as 'missing_code_not_defined' (also as a number or text, since D-039); a researcher's -9 is kept but flagged (PI-M3). 'N/A' / '-' / 'unknown' written by a model become blank. Absence codes (6) need a cited supporting passage like any other code, so silence in the passages yields blank.",None found.,Not changed: PI-M4.,yes,PI-M4,categorical,sourced,50,0,0,0,2,VII. Populations Affected › Variable: POPULATION_RESPONSE_OBSERVED (line 482)
COMMUNITY_FEEDBACK_MECHANISM,no,'0 = None documented'.,"Not defined by the codebook. Tool: blank = not established from the supplied evidence, or not yet coded/reviewed (default).",Not defined.,"Blank when not established (default). -9 rejected for model suggestions as 'missing_code_not_defined' (also as a number or text, since D-039); a researcher's -9 is kept but flagged (PI-M3). 'N/A' / '-' / 'unknown' written by a model become blank. Absence codes (0) need a cited supporting passage like any other code, so silence in the passages yields blank.",None found.,Not changed: PI-M4.,yes,PI-M4,categorical,sourced,50,0,0,0,3,VII. Populations Affected › Variable: COMMUNITY_FEEDBACK_MECHANISM (line 493)
REPORTED_OUTCOMES,no,'7 = None reported / unclear' — one code for 'none' and 'unclear'.,"Not defined by the codebook. Tool: blank = not established from the supplied evidence, or not yet coded/reviewed (default).",Not defined.,"Blank when not established (default). -9 rejected for model suggestions as 'missing_code_not_defined' (also as a number or text, since D-039); a researcher's -9 is kept but flagged (PI-M3). 'N/A' / '-' / 'unknown' written by a model become blank. Absence codes (7) need a cited supporting passage like any other code, so silence in the passages yields blank.",None found.,Not changed: PI-M4.,yes,PI-M4,categorical,sourced,50,0,0,0,0,VIII. Consequences And Impacts › Variable: REPORTED_OUTCOMES (line 504)
HARM_LOSS_INDICATORS,yes,"'-9 = Unknown / not applicable.' 'Numeric estimates (e.g., fatalities, injuries, property losses in USD).' Definition says 'Quantitative or qualitative evidence'; example '3 fatalities'. 'Record only when failure plausibly contributed to the outcome, as confirmed by official investigations or credible sources.'","Not defined by the codebook. Tool: blank = not established from the supplied evidence, or not yet coded/reviewed (default).",-9 covers both unknown and not applicable.,"Blank when not established (default). -9 accepted only as defined here, with a cited passage, a 'confirm' warning, and never mixed with other values. 'N/A' / '-' / 'unknown' written by a model become blank. ","Workbook uses 'N/A'/'-'/'None' placeholders in 10 row(s); not defined by the codebook. Workbook: -9 ×17, 'N/A' ×9, '-' ×1, '0' ×1, and many text entries listing hazard-wide totals (fatalities, damage). The codebook asks for harm linked to the failure, while most entries are hazard totals; 'N/A' is used although the codebook folds N/A into -9. The tool types this variable as numeric, so text such as '3 fatalities' (the codebook's own example) fails validation.",Keep -9 as defined (one code for unknown / not applicable). Do not convert 'N/A' to -9 automatically. Type (numeric vs text) and hazard-total vs attributable harm need a PI decision.,yes,"PI-M1, PI-M2, PI-M11",numeric,sourced,50,17,0,10,0,VIII. Consequences And Impacts › Variable: HARM_LOSS_INDICATORS (line 516)
MEDIA_FRAMING_AND_PUBLIC_RESPONSE,no,'5 = Minimal or no media coverage'.,"Not defined by the codebook. Tool: blank = not established from the supplied evidence, or not yet coded/reviewed (default).",Not defined.,"Blank when not established (default). -9 rejected for model suggestions as 'missing_code_not_defined' (also as a number or text, since D-039); a researcher's -9 is kept but flagged (PI-M3). 'N/A' / '-' / 'unknown' written by a model become blank. Absence codes (5) need a cited supporting passage like any other code, so silence in the passages yields blank.",None found.,Not changed: PI-M4.,yes,PI-M4,categorical,sourced,50,0,0,0,0,VIII. Consequences And Impacts › Variable: MEDIA_FRAMING_AND_PUBLIC_RESPONSE (line 525)
POLICY_OR_ADMINISTRATIVE_ACTIONS,no,'7 = None documented'.,"Not defined by the codebook. Tool: blank = not established from the supplied evidence, or not yet coded/reviewed (default).",Not defined.,"Blank when not established (default). -9 rejected for model suggestions as 'missing_code_not_defined' (also as a number or text, since D-039); a researcher's -9 is kept but flagged (PI-M3). 'N/A' / '-' / 'unknown' written by a model become blank. Absence codes (7) need a cited supporting passage like any other code, so silence in the passages yields blank.",None found.,Not changed: PI-M4.,yes,PI-M4,categorical,sourced,50,0,0,0,7,VIII. Consequences And Impacts › Variable: POLICY_OR_ADMINISTRATIVE_ACTIONS (line 535)
POLICY_CHANGE_LEVEL,no,"None defined (no -9, N/A or unknown code).","Not defined by the codebook. Tool: blank = not established from the supplied evidence, or not yet coded/reviewed (default).",Not defined.,"Blank when not established (default). -9 rejected for model suggestions as 'missing_code_not_defined' (also as a number or text, since D-039); a researcher's -9 is kept but flagged (PI-M3). 'N/A' / '-' / 'unknown' written by a model become blank. ",Workbook uses -9 in 7 row(s) but the codebook defines no -9 for this variable. Workbook uses 'N/A'/'-'/'None' placeholders in 4 row(s); not defined by the codebook.,"Implemented: -9 rejected for new suggestions. Historical workbook -9 entries are flagged, not adopted (PI-M3).",yes,PI-M3,categorical,sourced,50,7,2,4,0,VIII. Consequences And Impacts › Variable: POLICY_CHANGE_LEVEL (line 547)
TRUST_AND_LEGITIMACY_IMPACT,no,'0 = No documented impact'. No -9.,"Not defined by the codebook. Tool: blank = not established from the supplied evidence, or not yet coded/reviewed (default).",Not defined.,"Blank when not established (default). -9 rejected for model suggestions as 'missing_code_not_defined' (also as a number or text, since D-039); a researcher's -9 is kept but flagged (PI-M3). 'N/A' / '-' / 'unknown' written by a model become blank. Absence codes (0) need a cited supporting passage like any other code, so silence in the passages yields blank.",Workbook uses -9 in 1 row(s) but the codebook defines no -9 for this variable.,-9 rejected (implemented); 0 vs blank: PI-M4.,yes,"PI-M3, PI-M4",categorical,judgment,50,1,0,0,5,VIII. Consequences And Impacts › Variable: TRUST_AND_LEGITIMACY_IMPACT (line 556)
REMEDIAL_ACTION_COMPLETION_STATUS,no,"None defined (no -9, N/A or unknown code).","Not defined by the codebook. Tool: blank = not established from the supplied evidence, or not yet coded/reviewed (default).",Not defined.,"Blank when not established (default). -9 rejected for model suggestions as 'missing_code_not_defined' (also as a number or text, since D-039); a researcher's -9 is kept but flagged (PI-M3). 'N/A' / '-' / 'unknown' written by a model become blank. ",Workbook uses -9 in 1 row(s) but the codebook defines no -9 for this variable.,"Implemented: -9 rejected for new suggestions. Historical workbook -9 entries are flagged, not adopted (PI-M3).",yes,PI-M3,categorical,sourced,50,1,0,0,0,VIII. Consequences And Impacts › Variable: REMEDIAL_ACTION_COMPLETION_STATUS (line 567)
PERCEIVED_TIMELINESS,no,'3 = Indeterminate / insufficient evidence' — the codebook's own code for insufficient evidence.,"Not defined by the codebook. Tool: blank = not established from the supplied evidence, or not yet coded/reviewed (default).",Not defined.,"Blank when not established (default). -9 rejected for model suggestions as 'missing_code_not_defined' (also as a number or text, since D-039); a researcher's -9 is kept but flagged (PI-M3). 'N/A' / '-' / 'unknown' written by a model become blank. Absence codes (3) need a cited supporting passage like any other code, so silence in the passages yields blank.","Conflicts with the tool's 'blank by default' rule: for a human coder, 'insufficient evidence' is code 3; for the assistant, insufficient evidence in the retrieved passages leaves the value blank. Workbook: 3 ×18.",Not changed: whether the assistant should suggest 3 when its passages are silent: PI-M4.,yes,PI-M4,categorical,judgment,50,0,0,0,18,IX. Additional Information And Sources › Variable: PERCEIVED_TIMELINESS (line 649)
PERCEIVED_MESSAGE_CLARITY,no,'3 = Indeterminate / insufficient evidence'.,"Not defined by the codebook. Tool: blank = not established from the supplied evidence, or not yet coded/reviewed (default).",Not defined.,"Blank when not established (default). -9 rejected for model suggestions as 'missing_code_not_defined' (also as a number or text, since D-039); a researcher's -9 is kept but flagged (PI-M3). 'N/A' / '-' / 'unknown' written by a model become blank. Absence codes (3) need a cited supporting passage like any other code, so silence in the passages yields blank.",Same as PERCEIVED_TIMELINESS.,Not changed: PI-M4.,yes,PI-M4,categorical,judgment,50,0,0,0,3,IX. Additional Information And Sources › Variable: PERCEIVED_MESSAGE_CLARITY (line 660)
FAILURE_SEVERITY (Material Impact),no,'0 = No material impact documented'.,"Not defined by the codebook. Tool: blank = not established from the supplied evidence, or not yet coded/reviewed (default).",Not defined.,"Blank when not established (default). -9 rejected for model suggestions as 'missing_code_not_defined' (also as a number or text, since D-039); a researcher's -9 is kept but flagged (PI-M3). 'N/A' / '-' / 'unknown' written by a model become blank. ",None found.,Not changed: PI-M4.,yes,PI-M4,categorical,judgment,50,0,0,0,0,IX. Additional Information And Sources › Variable: FAILURE_SEVERITY (Material Impact) (line 671)
FAILURE_SEVERITY (Public Perception),no,"'0 = Minimal attention or concern' (an observed level, not a missing value). Codes 0–3.","Not defined by the codebook. Tool: blank = not established from the supplied evidence, or not yet coded/reviewed (default).",Not defined.,"Blank when not established (default). -9 rejected for model suggestions as 'missing_code_not_defined' (also as a number or text, since D-039); a researcher's -9 is kept but flagged (PI-M3). 'N/A' / '-' / 'unknown' written by a model become blank. ","Workbook has one value 4, which the codebook does not define for this variable (existing schema issue).",No missing-value change.,no,,categorical,judgment,50,0,0,0,0,IX. Additional Information And Sources › Variable: FAILURE_SEVERITY (Public Perception) (line 683)
MESSAGE_DISSEMINATION_TIME,yes,"'-9 = Unknown or not documented.' 'Where precise timing is unavailable, use best-supported estimates from delivery logs, carrier reports, or after-action documentation.'","Not defined by the codebook. Tool: blank = not established from the supplied evidence, or not yet coded/reviewed (default).",Not defined.,"Blank when not established (default). -9 accepted only as defined here, with a cited passage, a 'confirm' warning, and never mixed with other values. 'N/A' / '-' / 'unknown' written by a model become blank. ","49 of 50 workbook rows are -9. 'Not documented' is the codebook's own wording, which suggests the team codes -9 when the sources are silent — but the tool cannot know that all sources were searched.",Keep -9 as defined. Whether the assistant may suggest -9 = 'not documented' from silence in the retrieved passages is PI-M1 (currently: blank unless a passage indicates it).,yes,PI-M1,numeric,sourced,50,49,0,0,0,IX. Additional Information And Sources › Variable: MESSAGE_DISSEMINATION_TIME (line 692)
LESSONS_IDENTIFIED,no,"None defined (no -9, N/A or unknown code).","Not defined by the codebook. Tool: blank = not established from the supplied evidence, or not yet coded/reviewed (default).",Not defined.,"Blank when not established (default). -9 rejected for model suggestions as 'missing_code_not_defined' (also as a number or text, since D-039); a researcher's -9 is kept but flagged (PI-M3). 'N/A' / '-' / 'unknown' written by a model become blank. ",None found.,No change needed.,no,,text,sourced,50,0,0,0,0,VIII. Consequences And Impacts › Variable: LESSONS_IDENTIFIED (line 576)
SOURCE_COUNT_PRIMARY,yes,'Numeric (integer)' and '-9 = Unknown'.,"Not defined by the codebook. Tool: blank = not established from the supplied evidence, or not yet coded/reviewed (default).",Not defined.,Derived by the tool from other values/sources; blank (never -9) when it cannot be derived. -9 defined by the codebook but never needed for a derived count.,"Workbook cells hold a count plus source names ('2 - AAR and Everbridge Press Release'), and one '.'.","No change: the tool derives the count from the included sources, so -9 is never needed. Cell format (count only vs count + names) is outside this audit.",no,,numeric,derived,50,0,0,0,0,IX. Additional Information And Sources › Variable: SOURCE_COUNT_PRIMARY (line 582)
SOURCE_COUNT_SECONDARY,yes,'Numeric (integer)' and '-9 = Unknown'.,"Not defined by the codebook. Tool: blank = not established from the supplied evidence, or not yet coded/reviewed (default).",Not defined.,Derived by the tool from other values/sources; blank (never -9) when it cannot be derived. -9 defined by the codebook but never needed for a derived count.,Workbook cells hold a count plus source names.,No change (derived count; -9 never needed).,no,,numeric,derived,50,0,0,0,0,IX. Additional Information And Sources › Variable: SOURCE_COUNT_SECONDARY (line 589)
SOURCE_TYPE_SUMMARY,no,"None defined (no -9, N/A or unknown code).","Not defined by the codebook. Tool: blank = not established from the supplied evidence, or not yet coded/reviewed (default).",Not defined.,Derived by the tool from other values/sources; blank (never -9) when it cannot be derived.,None found.,No change needed.,no,,categorical,derived,50,0,1,0,0,IX. Additional Information And Sources › Variable: SOURCE_TYPE_SUMMARY (line 596)
SOURCE_URLS_OR_DOIS,no,"None defined (no -9, N/A or unknown code).","Not defined by the codebook. Tool: blank = not established from the supplied evidence, or not yet coded/reviewed (default).",Not defined.,Derived by the tool from other values/sources; blank (never -9) when it cannot be derived.,None found.,No change needed.,no,,text,derived,50,0,1,0,0,IX. Additional Information And Sources › Variable: SOURCE_URLS_OR_DOIS (line 608)
(blank column 77),no,"None defined (no -9, N/A or unknown code).","Not defined by the codebook. Tool: blank = not established from the supplied evidence, or not yet coded/reviewed (default).",Not defined.,No codebook rule: never suggested; kept blank.,None found.,No change needed.,no,,text,unmapped,50,0,12,0,0,(no codebook entry)
SOURCE_VALIDITY_ASSESSMENT,no,"None defined (no -9, N/A or unknown code).","Not defined by the codebook. Tool: blank = not established from the supplied evidence, or not yet coded/reviewed (default).",Not defined.,"Blank when not established (default). -9 rejected for model suggestions as 'missing_code_not_defined' (also as a number or text, since D-039); a researcher's -9 is kept but flagged (PI-M3). 'N/A' / '-' / 'unknown' written by a model become blank. ",None found.,No change needed.,no,,categorical,judgment,50,0,1,0,0,IX. Additional Information And Sources › Variable: SOURCE_VALIDITY_ASSESSMENT (line 614)
DATA_EXTRACTION_METHOD,no,"None defined (no -9, N/A or unknown code).","Not defined by the codebook. Tool: blank = not established from the supplied evidence, or not yet coded/reviewed (default).",Not defined.,Generated administrative metadata (not a model suggestion).,None found.,No change needed.,no,,categorical,admin,50,0,1,0,0,IX. Additional Information And Sources › Variable: DATA_EXTRACTION_METHOD (line 622)
REVISION_HISTORY,no,"None defined (no -9, N/A or unknown code).","Not defined by the codebook. Tool: blank = not established from the supplied evidence, or not yet coded/reviewed (default).",Not defined.,Generated administrative metadata (not a model suggestion).,None found.,No change needed.,no,,text,admin,50,0,49,0,0,IX. Additional Information And Sources › Variable: REVISION_HISTORY (line 631)
ANALYST_COMMENTS,no,"None defined (no -9, N/A or unknown code).","Not defined by the codebook. Tool: blank = not established from the supplied evidence, or not yet coded/reviewed (default).",Not defined.,"Analyst note: written by the researcher, not suggested by a model.",None found.,No change needed.,no,,text,analyst_note,50,0,49,0,0,IX. Additional Information And Sources › Variable: ANALYST_COMMENTS (line 637)
RECORD_STATUS,no,"None defined (no -9, N/A or unknown code).","Not defined by the codebook. Tool: blank = not established from the supplied evidence, or not yet coded/reviewed (default).",Not defined.,Generated administrative metadata (not a model suggestion).,None found.,No change needed.,no,,categorical,admin,50,0,0,0,0,IX. Additional Information And Sources › Variable: RECORD_STATUS (line 641)
